{
  "results": [
    {
      "command": "/tmp/pdu-gnu /usr",
      "mean": 0.194629420365,
      "stddev": 0.009694912884448936,
      "median": 0.19151729224000003,
      "user": 0.048688542499999994,
      "system": 0.145756505,
      "min": 0.18122255274000001,
      "max": 0.21310848274000002,
      "times": [
        0.18336439874000002,
        0.21310848274000002,
        0.19130729574000002,
        0.19211877174000003,
        0.18455738974000002,
        0.19879998974000002,
        0.18949517874000002,
        0.21286221174000003,
        0.19137812774000001,
        0.18122255274000001,
        0.19165645674,
        0.20414409174,
        0.19994743674,
        0.20243679074,
        0.18835220674000003,
        0.18931934374
      ],
      "memory_usage_byte": [
        12226560,
        12226560,
        12226560,
        12226560,
        12242944,
        12242944,
        12296192,
        12296192,
        12296192,
        12296192,
        12304384,
        12304384,
        12304384,
        12328960,
        12328960,
        12328960
      ],
      "exit_codes": [
        0,
        0,
        0,
        0,
        0,
        0,
        0,
        0,
        0,
        0,
        0,
        0,
        0,
        0,
        0,
        0
      ]
    },
    {
      "command": "/tmp/pdu-musl /usr",
      "mean": 0.22915858781692305,
      "stddev": 0.005484734964462266,
      "median": 0.22700715674000002,
      "user": 0.07507286461538462,
      "system": 0.15397722615384615,
      "min": 0.22296632974000002,
      "max": 0.24207980474000002,
      "times": [
        0.22664304974000002,
        0.24207980474000002,
        0.22623522074000002,
        0.22296632974000002,
        0.22432987474000002,
        0.22583221074,
        0.22700715674000002,
        0.22443753074000003,
        0.23455374874,
        0.23140796674000003,
        0.23011113474000003,
        0.23568018274000002,
        0.22777743074
      ],
      "memory_usage_byte": [
        12328960,
        12328960,
        12328960,
        12328960,
        12328960,
        12328960,
        12328960,
        12328960,
        12328960,
        12328960,
        12328960,
        12328960,
        12328960
      ],
      "exit_codes": [
        0,
        0,
        0,
        0,
        0,
        0,
        0,
        0,
        0,
        0,
        0,
        0,
        0
      ]
    }
  ]
}
