{
  "results": [
    {
      "command": "/tmp/pdu-gnu --threads=max /usr",
      "mean": 0.05786090126571429,
      "stddev": 0.0048019147523841186,
      "median": 0.056566758980000006,
      "user": 0.058744359047619044,
      "system": 0.15058743999999993,
      "min": 0.05018626048000001,
      "max": 0.06874893648000001,
      "times": [
        0.06874893648000001,
        0.06060260448000001,
        0.06556349548000001,
        0.06390998248,
        0.06780876248,
        0.06701486048000001,
        0.06295708548000001,
        0.05645412348000001,
        0.057448985480000006,
        0.054798633480000004,
        0.056437066480000006,
        0.058642448480000005,
        0.06235411648000001,
        0.056982746480000006,
        0.06471892548000001,
        0.05562018248000001,
        0.061028922480000004,
        0.05905012248000001,
        0.06434771748000001,
        0.06229754648000001,
        0.05384186448000001,
        0.05848769948000001,
        0.055493950480000005,
        0.05426033148000001,
        0.05134891048000001,
        0.05018626048000001,
        0.05405625948000001,
        0.05870091048000001,
        0.052957720480000005,
        0.05068909448000001,
        0.05280149448000001,
        0.052625618480000004,
        0.055468215480000006,
        0.058612296480000006,
        0.055025336480000006,
        0.05515092848000001,
        0.05852826248000001,
        0.052115030480000005,
        0.05511290848000001,
        0.055736304480000005,
        0.056679394480000006,
        0.05549179648000001
      ],
      "memory_usage_byte": [
        12496896,
        12496896,
        12496896,
        12496896,
        12496896,
        12496896,
        12496896,
        12496896,
        12496896,
        12496896,
        12496896,
        12496896,
        12496896,
        12496896,
        12496896,
        12496896,
        12496896,
        12496896,
        12554240,
        12554240,
        12554240,
        12578816,
        12578816,
        12578816,
        12578816,
        12578816,
        12578816,
        12578816,
        12578816,
        12578816,
        12578816,
        12578816,
        12578816,
        12578816,
        12578816,
        12578816,
        12578816,
        12578816,
        12578816,
        12578816,
        12578816,
        12578816
      ],
      "exit_codes": [
        0,
        0,
        0,
        0,
        0,
        0,
        0,
        0,
        0,
        0,
        0,
        0,
        0,
        0,
        0,
        0,
        0,
        0,
        0,
        0,
        0,
        0,
        0,
        0,
        0,
        0,
        0,
        0,
        0,
        0,
        0,
        0,
        0,
        0,
        0,
        0,
        0,
        0,
        0,
        0,
        0,
        0
      ]
    },
    {
      "command": "/tmp/pdu-musl --threads=max /usr",
      "mean": 0.24812061781333336,
      "stddev": 0.007786951979482197,
      "median": 0.24870315498000004,
      "user": 0.2608729066666667,
      "system": 0.4597768566666666,
      "min": 0.23435537048000002,
      "max": 0.25972913548,
      "times": [
        0.23995906748,
        0.24920306048000004,
        0.25296648248,
        0.24145091948000003,
        0.24972850048000003,
        0.25972913548,
        0.24820324948000003,
        0.25691863948,
        0.25692023448,
        0.23435537048000002,
        0.24681072548000002,
        0.24120202848000002
      ],
      "memory_usage_byte": [
        12578816,
        12578816,
        12578816,
        12578816,
        12578816,
        12578816,
        12578816,
        12578816,
        12578816,
        12578816,
        12578816,
        12578816
      ],
      "exit_codes": [
        0,
        0,
        0,
        0,
        0,
        0,
        0,
        0,
        0,
        0,
        0,
        0
      ]
    }
  ]
}
